Type,index,J0,J1,J2,J3,J4,J5,J6,J7,J8,J9,EX_S7,EX_S0,EX_S4
ADVI,0,0.3641716897992112,0.4656460745168687,1.6551482774115358e-15,-0.6825615414384562,-0.8175721140444333,0.789427615772671,-0.16649622045216575,-0.8656803711530016,0.30651124337197777,0.00041892688629663,1.0622818249990801e-17,-1.0963577860309413,1.7024924827719523
ADVI,1,0.4155216292278415,0.5211541309025416,1.221738192034417e-15,-0.8351883621707586,-0.9224357743896281,0.576888673740934,-0.1473608427661275,-0.9995763427943772,0.5768057250931884,0.009416265350571948,5.395413100495051e-18,-1.1631106641846911,1.9678855619905444
Prior,0,0.27716028167700063,-0.33385399746413613,1.827057087705804e-15,-0.02748923592993127,0.056442485705853015,-0.30704778431760354,0.001821066953544147,0.018440293617712312,0.0007798296045264195,0.31833047241029205,2.4057255956803823e-18,-0.012062517697215818,0.007479105439946905
Prior,1,0.10032116337629303,-0.0028857400714672916,1.2977328657447559e-16,0.05840166588910603,-0.09747175045928741,-0.0003796557950543218,-0.041692329056716805,-0.020735072647850305,-0.02539404173998658,-0.0023734679102718243,-8.402557739839994e-17,0.028147165445272692,0.004062062969920887
median,,0.3898466595135264,0.49340010270970514,1.4384432347229765e-15,-0.7588749518046074,-0.8700039442170306,0.6831581447568025,-0.1569285316091466,-0.9326283569736894,0.4416584842325831,0.004917596118434289,8.009115675242926e-18,-1.1297342251078162,1.8351890223812484
ground truth,,-0.0,-0.002144448026194355,-0.0,0.0011747133695318547,-0.0,-0.003994843613122773,-1.0037511511287844,-0.0,-0.0012803531268987078,-0.0
