Type,index,J0,J1,J2,J3,J4,J5,J6,J7,J8,J9,EX_S7,EX_S0,EX_S4
ADVI,0,0.43952102936955195,0.5534035793555377,-3.55899860842351e-15,0.2575767640714732,0.003744304040703569,0.22071028970233167,-0.0038185446140763563,0.28459336599786844,-0.11562286245226239,0.011875246288406978,1.3486956315905408e-17,-0.11696267353847613,-0.5350204982210678
ADVI,1,0.41753253229741205,0.5334109111769427,-3.9156145455915965e-15,-0.2584786143879218,0.05149858895164113,-0.2804666168265241,0.021804793869843374,-0.21849444291185616,-0.014649986251404956,-0.019120652244057807,-1.0587160515693622e-17,0.31423725532198643,0.45272623100395976
Prior,0,-0.05624723382206431,1.0143505208308576,-6.797802853320986e-15,-0.11186239041967741,0.0442724843953375,1.1501438661407068,-0.07045228996503193,-0.1211504066893928,-0.06322468644037102,-1.0578362731604702,1.3416009406103488e-17,-0.02908290653986341,0.3010893156700054
Prior,1,1.0469623776394426,-0.03029141896681101,4.754766651367435e-16,0.34362147497584256,-0.016858600545606083,0.0007347420320240173,-0.1903735763458354,-0.13208478169115354,-0.26729746366099305,-0.01981356938405774,2.219329563334697e-15,0.2863762910126129,-0.020975475065899214
median,,0.428526780833482,0.5434072452662402,-3.737306577007553e-15,-0.00045092515822431345,0.02762144649617235,-0.029878163562096202,0.008993124627883509,0.03304946154300614,-0.06513642435183367,-0.0036227029778254146,1.449897900105893e-18,0.09863729089175516,-0.041147133608554015
ground truth,,1.0968713654923903,-0.49601303646716316,6.112024192948013e-17,0.7683146896103508,-0.5741843232909944,0.024561842493286492,0.20714339808872867,0.0016190576954733505,0.161308652030398,-0.13415936737504605,0.0,-0.0517111271486385,-0.003751151128785546
